time,GB05YOpen,GB05YHigh,GB05YLow,GB05YClose,GB03MYOpen,GB03MYHigh,GB03MYLow,GB03MYClose
1987-01,10.47000027,10.47000027,10.47000027,10.47000027,10.68000031,10.68000031,10.68000031,10.68000031
1987-02,10.25,10.25,10.25,10.25,10.64999962,10.64999962,10.64999962,10.64999962
1987-03,9.56999969,9.56999969,9.56999969,9.56999969,10.21000004,10.21000004,10.21000004,10.21000004
1987-04,9.35999966,9.35999966,9.35999966,9.35999966,9.60999966,9.60999966,9.60999966,9.60999966
1987-05,8.92000008,8.92000008,8.92000008,8.92000008,8.81000042,8.81000042,8.81000042,8.81000042
1987-06,8.94999981,8.94999981,8.94999981,8.94999981,8.51000023,8.51000023,8.51000023,8.51000023
1987-07,9.43999958,9.43999958,9.43999958,9.43999958,8.85000038,8.85000038,8.85000038,8.85000038
1987-08,10.02000046,10.02000046,10.02000046,10.02000046,9.22000027,9.22000027,9.22000027,9.22000027
1987-09,10.39000034,10.39000034,10.39000034,10.39000034,9.89000034,9.89000034,9.89000034,9.89000034
1987-10,10.38000011,10.38000011,10.38000011,10.38000011,9.86999989,9.86999989,9.86999989,9.86999989
1987-11,9.31000042,9.31000042,9.31000042,9.31000042,8.97000027,8.97000027,8.97000027,8.97000027
1987-12,8.97999954,8.97999954,8.97999954,8.97999954,8.56000042,8.56000042,8.56000042,8.56000042
1988-01,9.40999985,9.40999985,9.40999985,9.40999985,8.39000034,8.39000034,8.39000034,8.39000034
1988-02,9.36999989,9.36999989,9.36999989,9.36999989,8.82999992,8.82999992,8.82999992,8.82999992
1988-03,9.19999981,9.19999981,9.19999981,9.19999981,8.89000034,8.89000034,8.89000034,8.89000034
1988-04,8.93999958,8.93999958,8.93999958,8.93999958,8.23999977,8.23999977,8.23999977,8.23999977
1988-05,9.09000015,9.09000015,9.09000015,9.09000015,7.96999979,7.96999979,7.96999979,7.96999979
1988-06,9.25,9.25,9.25,9.25,7.71999979,7.71999979,7.71999979,7.71999979
1988-07,9.90999985,9.90999985,9.90999985,9.90999985,9.88000011,9.88000011,9.88000011,9.88000011
1988-08,9.89999962,9.89999962,9.89999962,9.89999962,10.39999962,10.39999962,10.39999962,10.39999962
1988-09,10.56000042,10.56000042,10.56000042,10.56000042,11.85999966,11.85999966,11.85999966,11.85999966
1988-10,10.10000038,10.10000038,10.10000038,10.10000038,11.57999992,11.57999992,11.57999992,11.57999992
1988-11,9.93999958,9.93999958,9.93999958,9.93999958,11.64999962,11.64999962,11.64999962,11.64999962
1988-12,10.77000046,10.77000046,10.77000046,10.77000046,12.64999962,12.64999962,12.64999962,12.64999962
1989-01,10.48999977,10.48999977,10.48999977,10.48999977,12.64000034,12.64000034,12.64000034,12.64000034
1989-02,9.98999977,9.98999977,9.98999977,9.98999977,12.48999977,12.48999977,12.48999977,12.48999977
1989-03,10.25,10.25,10.25,10.25,12.80000019,12.80000019,12.80000019,12.80000019
1989-04,10.47999954,10.47999954,10.47999954,10.47999954,12.61999989,12.61999989,12.61999989,12.61999989
1989-05,10.60999966,10.60999966,10.60999966,10.60999966,12.48999977,12.48999977,12.48999977,12.48999977
1989-06,10.89999962,10.89999962,10.89999962,10.89999962,13.57999992,13.57999992,13.57999992,13.57999992
1989-07,10.76000023,10.76000023,10.76000023,10.76000023,13.51000023,13.51000023,13.51000023,13.51000023
1989-08,10.30000019,10.30000019,10.30000019,10.30000019,13.36999989,13.36999989,13.36999989,13.36999989
1989-09,10.52000046,10.52000046,10.52000046,10.52000046,13.52000046,13.52000046,13.52000046,13.52000046
1989-10,11.13000011,11.13000011,11.13000011,11.13000011,13.96000004,13.96000004,13.96000004,13.96000004
1989-11,11.19999981,11.19999981,11.19999981,11.19999981,14.60999966,14.60999966,14.60999966,14.60999966
1989-12,11.47000027,11.47000027,11.47000027,11.47000027,14.64999962,14.64999962,14.64999962,14.64999962
1990-01,11.15999985,11.15999985,11.15999985,11.15999985,14.53999996,14.53999996,14.53999996,14.53999996
1990-02,11.77999973,11.77999973,11.77999973,11.77999973,14.52999973,14.52999973,14.52999973,14.52999973
1990-03,12.56999969,12.56999969,12.56999969,12.56999969,14.52999973,14.52999973,14.52999973,14.52999973
1990-04,12.92000008,12.92000008,12.92000008,12.92000008,14.64999962,14.64999962,14.64999962,14.64999962
1990-05,13.57999992,13.57999992,13.57999992,13.57999992,14.71000004,14.71000004,14.71000004,14.71000004
1990-06,12.23999977,12.23999977,12.23999977,12.23999977,14.51000023,14.51000023,14.51000023,14.51000023
1990-07,11.98999977,11.98999977,11.98999977,11.98999977,14.31999969,14.31999969,14.31999969,14.31999969
1990-08,11.86999989,11.86999989,11.86999989,11.86999989,14.34000015,14.34000015,14.34000015,14.34000015
1990-09,12.0,12.0,12.0,12.0,14.31999969,14.31999969,14.31999969,14.31999969
1990-10,12.02999973,12.02999973,12.02999973,12.02999973,14.31000042,14.31000042,14.31000042,14.31000042
1990-11,11.32999992,11.32999992,11.32999992,11.32999992,13.21000004,13.21000004,13.21000004,13.21000004
1990-12,10.88000011,10.88000011,10.88000011,10.88000011,12.90999985,12.90999985,12.90999985,12.90999985
1991-01,11.18000031,11.18000031,11.18000031,11.18000031,13.35999966,13.35999966,13.35999966,13.35999966
1991-02,10.59000015,10.59000015,10.59000015,10.59000015,13.22000027,13.22000027,13.22000027,13.22000027
1991-03,10.32999992,10.32999992,10.32999992,10.32999992,11.93999958,11.93999958,11.93999958,11.93999958
1991-04,10.22000027,10.22000027,10.22000027,10.22000027,11.68000031,11.68000031,11.68000031,11.68000031
1991-05,10.22999954,10.22999954,10.22999954,10.22999954,11.10000038,11.10000038,11.10000038,11.10000038
1991-06,10.35999966,10.35999966,10.35999966,10.35999966,10.88000011,10.88000011,10.88000011,10.88000011
1991-07,10.40999985,10.40999985,10.40999985,10.40999985,10.72000027,10.72000027,10.72000027,10.72000027
1991-08,10.13000011,10.13000011,10.13000011,10.13000011,10.51000023,10.51000023,10.51000023,10.51000023
1994-01,5.70800018,5.70800018,5.70800018,5.70800018,5.38000011,5.38000011,5.38000011,5.38000011
1994-02,5.74599981,5.74599981,5.74599981,5.74599981,5.34000015,5.34000015,5.34000015,5.34000015
1994-03,6.48799992,6.48799992,6.48799992,6.48799992,5.11999989,5.11999989,5.11999989,5.11999989
1994-04,7.19299984,7.19299984,7.19299984,7.19299984,5.36999989,5.36999989,5.36999989,5.36999989
1994-05,7.63899994,7.63899994,7.63899994,7.63899994,5.13000011,5.13000011,5.13000011,5.13000011
1994-06,8.23700047,8.23700047,8.23700047,8.23700047,5.19000006,5.19000006,5.19000006,5.19000006
1994-07,8.33600044,8.33600044,8.33600044,8.33600044,5.11999989,5.11999989,5.11999989,5.11999989
1994-08,8.11100006,8.11100006,8.11100006,8.11100006,5.63000011,5.63000011,5.63000011,5.63000011
1994-09,8.35700035,8.35700035,8.35700035,8.35700035,5.44000006,5.44000006,5.44000006,5.44000006
1994-10,8.73999977,8.73999977,8.73999977,8.73999977,5.86999989,5.86999989,5.86999989,5.86999989
1994-11,8.64900017,8.64900017,8.64900017,8.64900017,6.5,6.5,6.5,6.5
1994-12,8.40999985,8.40999985,8.40999985,8.40999985,6.25,6.25,6.25,6.25
1995-01,8.7130003,8.7130003,8.7130003,8.7130003,6.55999994,6.55999994,6.55999994,6.55999994
1995-02,8.52200031,8.52200031,8.52200031,8.52200031,6.75,6.75,6.75,6.75
1995-03,8.46399975,8.46399975,8.46399975,8.46399975,6.67999983,6.67999983,6.67999983,6.67999983
1995-04,8.31499958,8.31499958,8.31499958,8.31499958,6.67999983,6.67999983,6.67999983,6.67999983
1995-05,8.3039999,8.3039999,8.3039999,8.3039999,6.96000004,6.96000004,6.96000004,6.96000004
1995-06,7.46400023,7.46400023,7.46400023,7.46400023,6.5,6.5,6.5,6.5
1995-07,8.15999985,8.15999985,8.15999985,8.15999985,6.9000001,6.9000001,6.9000001,6.9000001
1995-08,7.74599981,7.74599981,7.74599981,7.74599981,6.75,6.75,6.75,6.75
1995-09,7.44500017,7.44500017,7.44500017,7.44500017,6.80999994,6.80999994,6.80999994,6.80999994
1995-10,7.48999977,7.48999977,7.48999977,7.48999977,6.80999994,6.80999994,6.80999994,6.80999994
1995-11,7.30700016,7.30700016,7.30700016,7.30700016,7.0,7.0,7.0,7.0
1995-12,6.85400009,6.85400009,6.85400009,6.85400009,6.5,6.5,6.5,6.5
1996-01,7.04400015,7.04400015,7.04400015,7.04400015,6.55999994,6.55999994,6.55999994,6.55999994
1996-02,6.88600016,6.88600016,6.88600016,6.88600016,6.17999983,6.17999983,6.17999983,6.17999983
1996-03,7.20100021,7.20100021,7.20100021,7.20100021,6.11999989,6.11999989,6.11999989,6.11999989
1996-04,7.59299994,7.59299994,7.59299994,7.59299994,6.0,6.0,6.0,6.0
1996-05,7.64799976,7.64799976,7.64799976,7.64799976,5.94000006,5.94000006,5.94000006,5.94000006
1996-06,7.61000013,7.61000013,7.61000013,7.61000013,6.03000021,6.03000021,6.03000021,6.03000021
1996-07,7.35900021,7.35900021,7.35900021,7.35900021,5.84000015,5.84000015,5.84000015,5.84000015
1996-08,7.24599981,7.24599981,7.24599981,7.24599981,5.80999994,5.80999994,5.80999994,5.80999994
1996-09,7.22200012,7.22200012,7.22200012,7.22200012,5.78000021,5.78000021,5.78000021,5.78000021
1996-10,6.94799995,6.94799995,6.94799995,6.94799995,5.92999983,5.92999983,5.92999983,5.92999983
1996-11,7.33599997,7.33599997,7.33599997,7.33599997,6.30999994,6.30999994,6.30999994,6.30999994
1996-12,7.05600023,7.05600023,7.05600023,7.05600023,6.42999983,6.42999983,6.42999983,6.42999983
1997-01,7.63500023,7.63500023,7.63500023,7.63500023,6.5,6.5,6.5,6.5
1997-02,6.98099995,6.98099995,6.98099995,6.98099995,6.34000015,6.34000015,6.34000015,6.34000015
1997-03,6.90700006,6.90700006,6.90700006,6.90700006,6.21000004,6.21000004,6.21000004,6.21000004
1997-04,7.38600016,7.38600016,7.38600016,7.38600016,6.4000001,6.4000001,6.4000001,6.4000001
1997-05,7.08900023,7.08900023,7.08900023,7.08900023,6.55999994,6.55999994,6.55999994,6.55999994
1997-06,7.04699993,7.04699993,7.04699993,7.04699993,,,,
1997-07,6.99399996,6.99399996,6.99399996,6.99399996,,,,
1997-08,7.11600018,7.11600018,7.11600018,7.11600018,,,,
1997-09,6.97300005,6.97300005,6.97300005,6.97300005,7.12599993,7.12599993,7.12599993,7.12599993
1997-10,6.39799976,6.39799976,6.39799976,6.39799976,,,,
1997-11,6.67199993,6.67199993,6.67199993,6.67199993,7.25400019,7.25400019,7.25400019,7.25400019
1997-12,6.76100016,6.76100016,6.76100016,6.76100016,,,,
1998-01,6.53999996,6.53999996,6.53999996,6.53999996,7.4460001,7.4460001,7.4460001,7.4460001
1998-02,6.28599977,6.28599977,6.28599977,6.28599977,7.44899988,7.44899988,7.44899988,7.44899988
1998-03,6.30800009,6.30800009,6.30800009,6.30800009,,,,
1998-04,6.15399981,6.15399981,6.15399981,6.15399981,,,,
1998-05,5.99900007,5.99900007,5.99900007,5.99900007,,,,
1998-06,5.80200005,5.80200005,5.80200005,5.80200005,7.3829999,7.3829999,7.3829999,7.3829999
1998-07,6.15500021,6.15500021,6.15500021,6.15500021,7.69299984,7.69299984,7.69299984,7.69299984
1998-08,6.03599977,6.03599977,6.03599977,6.03599977,7.64300013,7.64300013,7.64300013,7.64300013
1998-09,5.64499998,5.64499998,5.64499998,5.64499998,7.48699999,7.48699999,7.48699999,7.48699999
1998-10,4.671,4.671,4.671,4.671,,,,
1998-11,4.93400002,4.93400002,4.93400002,4.93400002,7.33199978,7.33199978,7.33199978,7.33199978
1998-12,4.63800001,4.63800001,4.63800001,4.63800001,6.53499985,6.53499985,6.53499985,6.53499985
1999-01,4.31400013,4.31400013,4.31400013,4.31400013,5.96000004,5.96000004,5.96000004,5.96000004
1999-02,4.21500015,4.21500015,4.21500015,4.21500015,,,,
1999-03,4.6960001,4.6960001,4.6960001,4.6960001,5.15999985,5.15999985,5.15999985,5.15999985
1999-04,4.52699995,4.52699995,4.52699995,4.52699995,4.97700024,4.97700024,4.97700024,4.97700024
1999-05,4.89799976,4.89799976,4.89799976,4.89799976,5.08400011,5.08400011,5.08400011,5.08400011
1999-06,5.18300009,5.18300009,5.18300009,5.18300009,5.03999996,5.03999996,5.03999996,5.03999996
1999-07,5.34700012,5.34700012,5.34700012,5.34700012,4.80999994,4.80999994,4.80999994,4.80999994
1999-08,5.70100021,5.70100021,5.70100021,5.70100021,4.94999981,4.94999981,4.94999981,4.94999981
1999-09,5.89400005,5.89400005,5.89400005,5.89400005,4.88999987,4.88999987,4.88999987,4.88999987
1999-10,6.28399992,6.28399992,6.28399992,6.28399992,5.42000008,5.42000008,5.42000008,5.42000008
1999-11,5.93100023,5.93100023,5.93100023,5.93100023,5.3920002,5.3920002,5.3920002,5.3920002
1999-12,6.00500011,6.00500011,6.00500011,6.00500011,,,,
2000-01,6.11299992,6.11299992,6.11299992,6.11299992,,,,
2000-02,6.2329998,6.2329998,6.2329998,6.2329998,6.00699997,6.00699997,6.00699997,6.00699997
2000-03,6.05000019,6.05000019,6.05000019,6.05000019,,,,
2000-04,5.89499998,5.89499998,5.89499998,5.89499998,,,,
2000-05,5.75500011,5.75500011,5.75500011,5.75500011,,,,
2000-06,5.61800003,5.61800003,5.61800003,5.61800003,,,,
2000-07,5.63500023,5.63500023,5.63500023,5.63500023,,,,
2000-08,5.70900011,5.70900011,5.70900011,5.70900011,,,,
2000-09,5.69500017,5.69500017,5.69500017,5.69500017,,,,
2000-10,5.61199999,5.61199999,5.61199999,5.61199999,5.9369998,5.9369998,5.9369998,5.9369998
2000-11,5.5250001,5.5250001,5.5250001,5.5250001,,,,
2000-12,5.23400021,5.23400021,5.23400021,5.23400021,5.88399982,5.88399982,5.88399982,5.88399982
2001-01,5.07200003,5.07200003,5.07200003,5.07200003,5.76100016,5.76100016,5.76100016,5.76100016
2001-02,5.11399984,5.11399984,5.11399984,5.11399984,,,,
2001-03,5.06500006,5.06500006,5.06500006,5.06500006,5.46999979,5.46999979,5.46999979,5.46999979
2001-04,4.84399986,4.84399986,4.84399986,4.84399986,5.40199995,5.40199995,5.40199995,5.40199995
2001-05,5.19000006,5.19000006,5.19000006,5.19000006,,,,
2001-06,5.27199984,5.27199984,5.27199984,5.27199984,,,,
2001-07,5.50099993,5.50099993,5.50099993,5.50099993,,,,
2001-08,5.26000023,5.26000023,5.26000023,5.26000023,5.0,5.0,5.0,5.0
2001-09,5.02299976,5.02299976,5.02299976,5.02299976,,,,
2001-10,4.89900017,4.89900017,4.89900017,4.89900017,,,,
2001-11,4.51900005,4.51900005,4.51900005,4.51900005,4.19099998,4.19099998,4.19099998,4.19099998
2001-12,4.63399982,4.63399982,4.63399982,4.63399982,3.86999989,3.86999989,3.86999989,3.86999989
2002-01,5.04199982,5.04199982,5.04199982,5.04199982,3.92799997,3.92799997,3.92799997,3.92799997
2002-02,4.90100002,4.90100002,4.90100002,4.90100002,3.91899991,3.91899991,3.91899991,3.91899991
2002-03,5.07600021,5.07600021,5.07600021,5.07600021,3.95000005,3.95000005,3.95000005,3.95000005
2002-04,5.38700008,5.38700008,5.38700008,5.38700008,4.09299994,4.09299994,4.09299994,4.09299994
2002-05,5.26200008,5.26200008,5.26200008,5.26200008,3.98200011,3.98200011,3.98200011,3.98200011
2002-06,5.26200008,5.26200008,5.26200008,5.26200008,4.09700012,4.09700012,4.09700012,4.09700012
2002-07,5.03599977,5.03599977,5.03599977,5.03599977,4.05499983,4.05499983,4.05499983,4.05499983
2002-08,4.5999999,4.5999999,4.5999999,4.5999999,3.88599992,3.88599992,3.88599992,3.88599992
2002-09,4.44999981,4.44999981,4.44999981,4.44999981,3.90400004,3.90400004,3.90400004,3.90400004
2002-10,4.25899982,4.25899982,4.25899982,4.25899982,3.87299991,3.87299991,3.87299991,3.87299991
2002-11,4.39799976,4.39799976,4.39799976,4.39799976,3.85700011,3.85700011,3.85700011,3.85700011
2002-12,4.56899977,4.56899977,4.56899977,4.56899977,3.95900011,3.95900011,3.95900011,3.95900011
2003-01,4.23999977,4.23999977,4.23999977,4.23999977,3.93700004,3.93700004,3.93700004,3.93700004
2003-02,4.04899979,4.04899979,4.04899979,4.04899979,3.88800001,3.88800001,3.88800001,3.88800001
2003-03,3.70799994,3.70799994,3.70799994,3.70799994,3.61999989,3.61999989,3.61999989,3.61999989
2003-04,4.0079999,4.0079999,4.0079999,4.0079999,3.55800009,3.55800009,3.55800009,3.55800009
2003-05,3.98699999,3.98699999,3.98699999,3.98699999,3.47600007,3.47600007,3.47600007,3.47600007
2003-06,3.77200007,3.77200007,3.77200007,3.77200007,3.5480001,3.5480001,3.5480001,3.5480001
2003-07,3.81900001,3.81900001,3.81900001,3.81900001,3.58100009,3.58100009,3.58100009,3.58100009
2003-08,4.2579999,4.2579999,4.2579999,4.2579999,3.39899993,3.39899993,3.39899993,3.39899993
2003-09,4.56599998,4.56599998,4.56599998,4.56599998,3.56999993,3.56999993,3.56999993,3.56999993
2003-10,4.42399979,4.42399979,4.42399979,4.42399979,3.64499998,3.64499998,3.64499998,3.64499998
2003-11,5.01399994,5.01399994,5.01399994,5.01399994,3.9000001,3.9000001,3.9000001,3.9000001
2003-12,4.91400003,4.91400003,4.91400003,4.91400003,3.94400001,3.94400001,3.94400001,3.94400001
2004-01,4.65999985,4.65999985,4.65999985,4.65999985,3.96399999,3.96399999,3.96399999,3.96399999
2004-02,4.76900005,4.76900005,4.76900005,4.76900005,4.0710001,4.0710001,4.0710001,4.0710001
2004-03,4.65600014,4.65600014,4.65600014,4.65600014,,,,
2004-04,4.66300011,4.66300011,4.66300011,4.66300011,4.31400013,4.31400013,4.31400013,4.31400013
2004-05,4.86999989,4.86999989,4.86999989,4.86999989,,,,
2004-06,5.20200014,5.20200014,5.20200014,5.20200014,4.55999994,4.55999994,4.55999994,4.55999994
2004-07,5.07000017,5.07000017,5.07000017,5.07000017,,,,
2004-08,5.12200022,5.12200022,5.12200022,5.12200022,4.90899992,4.90899992,4.90899992,4.90899992
2004-09,4.88999987,4.88999987,4.88999987,4.88999987,,,,
2004-10,4.796,4.796,4.796,4.796,4.95100021,4.95100021,4.95100021,4.95100021
2004-11,4.66800022,4.66800022,4.66800022,4.66800022,,,,
2004-12,4.55100012,4.55100012,4.55100012,4.55100012,,,,
2005-01,4.49399996,4.49399996,4.49399996,4.49399996,,,,
2005-02,4.53800011,4.53800011,4.53800011,4.53800011,,,,
2005-03,4.79400015,4.79400015,4.79400015,4.79400015,4.94000006,4.94000006,4.94000006,4.94000006
2005-04,4.69899988,4.69899988,4.69899988,4.69899988,,,,
2005-05,4.50500011,4.50500011,4.50500011,4.50500011,,,,
2005-06,4.17500019,4.17500019,4.17500019,4.17500019,,,,
2005-07,4.09100008,4.09100008,4.09100008,4.09100008,,,,
2005-08,4.27799988,4.27799988,4.27799988,4.27799988,,,,
2005-09,4.04699993,4.04699993,4.04699993,4.04699993,,,,
2005-10,4.21799994,4.21799994,4.21799994,4.21799994,4.47599983,4.47599983,4.47599983,4.47599983
2005-11,4.34899998,4.34899998,4.34899998,4.34899998,,,,
2005-12,4.22300005,4.22300005,4.22300005,4.22300005,,,,
2006-01,4.16200018,4.16200018,4.16200018,4.16200018,,,,
2006-02,4.3119998,4.3119998,4.3119998,4.3119998,,,,
2006-03,4.27799988,4.27799988,4.27799988,4.27799988,,,,
2006-04,4.45900011,4.45900011,4.45900011,4.45900011,,,,
2006-05,4.65600014,4.65600014,4.65600014,4.65600014,,,,
2006-06,4.70800018,4.70800018,4.70800018,4.70800018,,,,
2006-07,4.78399992,4.78399992,4.78399992,4.78399992,,,,
2006-08,4.71099997,4.71099997,4.71099997,4.71099997,,,,
2006-09,4.68300009,4.68300009,4.68300009,4.68300009,4.84700012,4.84700012,4.84700012,4.84700012
2006-10,4.7249999,4.7249999,4.7249999,4.7249999,,,,
2006-11,4.78999996,4.78999996,4.78999996,4.78999996,5.03100014,5.03100014,5.03100014,5.03100014
2006-12,4.7750001,4.7750001,4.7750001,4.7750001,,,,
2007-01,4.99700022,4.99700022,4.99700022,4.99700022,,,,
2007-02,5.35500002,5.35500002,5.35500002,5.35500002,5.44500017,5.44500017,5.44500017,5.44500017
2007-03,5.04899979,5.04899979,5.04899979,5.04899979,5.39499998,5.39499998,5.39499998,5.39499998
2007-04,5.21000004,5.21000004,5.21000004,5.21000004,5.46999979,5.46999979,5.46999979,5.46999979
2007-05,5.30499983,5.30499983,5.30499983,5.30499983,5.57200003,5.57200003,5.57200003,5.57200003
2007-06,5.56799984,5.56799984,5.56799984,5.56799984,5.68300009,5.68300009,5.68300009,5.68300009
2007-07,5.69299984,5.69299984,5.69299984,5.69299984,5.85300016,5.85300016,5.85300016,5.85300016
2007-08,5.36100006,5.36100006,5.36100006,5.36100006,5.87799978,5.87799978,5.87799978,5.87799978
2007-09,5.17000008,5.17000008,5.17000008,5.17000008,5.91499996,5.91499996,5.91499996,5.91499996
2007-10,4.96099997,4.96099997,4.96099997,4.96099997,5.67700005,5.67700005,5.67700005,5.67700005
2007-11,4.96999979,4.96999979,4.96999979,4.96999979,5.73199987,5.73199987,5.73199987,5.73199987
2007-12,4.65899992,4.65899992,4.65899992,4.65899992,5.62699986,5.62699986,5.62699986,5.62699986
2008-01,4.46700001,4.46700001,4.46700001,4.46700001,5.40799999,5.40799999,5.40799999,5.40799999
2008-02,4.29400015,4.29400015,4.29400015,4.29400015,5.15700006,5.15700006,5.15700006,5.15700006
2008-03,4.16499996,4.16499996,4.16499996,4.16499996,5.16300011,5.16300011,5.16300011,5.16300011
2008-04,4.12300014,4.12300014,4.12300014,4.12300014,5.04799986,5.04799986,5.04799986,5.04799986
2008-05,4.58900023,4.58900023,4.58900023,4.58900023,4.94799995,4.94799995,4.94799995,4.94799995
2008-06,4.97200012,4.97200012,4.97200012,4.97200012,5.11299992,5.11299992,5.11299992,5.11299992
2008-07,5.22100019,5.22100019,5.22100019,5.22100019,5.21799994,5.21799994,5.21799994,5.21799994
2008-08,4.78399992,4.78399992,4.78399992,4.78399992,5.24300003,5.24300003,5.24300003,5.24300003
2008-09,4.47800016,4.47800016,4.47800016,4.47800016,5.1079998,5.1079998,5.1079998,5.1079998
2008-10,4.10099983,4.10099983,4.10099983,4.10099983,4.73799992,4.73799992,4.73799992,4.73799992
2008-11,3.72900009,3.72900009,3.72900009,3.72900009,3.64199996,3.64199996,3.64199996,3.64199996
2008-12,2.84800005,2.84800005,2.84800005,2.84800005,1.65499997,1.65499997,1.65499997,1.65499997
2009-01,2.40499997,2.40499997,2.40499997,2.40499997,1.29999995,1.29999995,1.29999995,1.29999995
2009-02,2.84699988,2.84699988,2.84699988,2.84699988,1.02999997,1.02999997,1.02999997,1.02999997
2009-03,2.5480001,2.5480001,2.5480001,2.5480001,0.67000002,0.67000002,0.67000002,0.67000002
2009-04,2.52399993,2.52399993,2.52399993,2.52399993,0.69800001,0.69800001,0.69800001,0.69800001
2009-05,2.43000007,2.43000007,2.43000007,2.43000007,0.61699998,0.61699998,0.61699998,0.61699998
2009-06,2.66599989,2.66599989,2.66599989,2.66599989,0.58999997,0.58999997,0.58999997,0.58999997
2009-07,2.8900001,2.8900001,2.8900001,2.8900001,0.53500003,0.53500003,0.53500003,0.53500003
2009-08,3.01600003,3.01600003,3.01600003,3.01600003,0.472,0.472,0.472,0.472
2009-09,2.58599997,2.58599997,2.58599997,2.58599997,0.442,0.442,0.442,0.442
2009-10,2.48600006,2.48600006,2.48600006,2.48600006,0.44499999,0.44499999,0.44499999,0.44499999
2009-11,2.78800011,2.78800011,2.78800011,2.78800011,0.46799999,0.46799999,0.46799999,0.46799999
2009-12,2.58400011,2.58400011,2.58400011,2.58400011,0.47499999,0.47499999,0.47499999,0.47499999
2010-01,2.80699992,2.80699992,2.80699992,2.80699992,0.505,0.505,0.505,0.505
2010-02,2.74600005,2.74600005,2.74600005,2.74600005,0.51300001,0.51300001,0.51300001,0.51300001
2010-03,2.76900005,2.76900005,2.76900005,2.76900005,0.52999997,0.52999997,0.52999997,0.52999997
2010-04,2.78500009,2.78500009,2.78500009,2.78500009,0.537,0.537,0.537,0.537
2010-05,2.60500002,2.60500002,2.60500002,2.60500002,0.537,0.537,0.537,0.537
2010-06,2.25,2.25,2.25,2.25,0.53500003,0.53500003,0.53500003,0.53500003
2010-07,2.07200003,2.07200003,2.07200003,2.07200003,0.55199999,0.55199999,0.55199999,0.55199999
2010-08,2.09100008,2.09100008,2.09100008,2.09100008,0.55699998,0.55699998,0.55699998,0.55699998
2010-09,1.71700001,1.71700001,1.71700001,1.71700001,0.54799998,0.54799998,0.54799998,0.54799998
2010-10,1.57200003,1.57200003,1.57200003,1.57200003,0.56199998,0.56199998,0.56199998,0.56199998
2010-11,1.60899997,1.60899997,1.60899997,1.60899997,0.56699997,0.56699997,0.56699997,0.56699997
2010-12,2.05200005,2.05200005,2.05200005,2.05200005,0.57300001,0.57300001,0.57300001,0.57300001
2011-01,2.25300002,2.25300002,2.25300002,2.25300002,0.59200001,0.59200001,0.59200001,0.59200001
2011-02,2.625,2.625,2.625,2.625,0.61199999,0.61199999,0.61199999,0.61199999
2011-03,2.46000004,2.46000004,2.46000004,2.46000004,0.61799997,0.61799997,0.61799997,0.61799997
2011-04,2.48900008,2.48900008,2.48900008,2.48900008,0.662,0.662,0.662,0.662
2011-05,2.10100007,2.10100007,2.10100007,2.10100007,0.60500002,0.60500002,0.60500002,0.60500002
2011-06,1.86800003,1.86800003,1.86800003,1.86800003,0.59100002,0.59100002,0.59100002,0.59100002
2011-07,1.86500001,1.86500001,1.86500001,1.86500001,0.57700002,0.57700002,0.57700002,0.57700002
2011-08,1.31200004,1.31200004,1.31200004,1.31200004,0.56199998,0.56199998,0.56199998,0.56199998
2011-09,1.11500001,1.11500001,1.11500001,1.11500001,0.55800003,0.55800003,0.55800003,0.55800003
2011-10,1.31799996,1.31799996,1.31799996,1.31799996,0.55299997,0.55299997,0.55299997,0.55299997
2011-11,1.20700002,1.20700002,1.20700002,1.20700002,0.55000001,0.55000001,0.55000001,0.55000001
2011-12,1.02600002,1.02600002,1.02600002,1.02600002,0.51800001,0.51800001,0.51800001,0.51800001
2012-01,1.08800006,1.08800006,1.08800006,1.08800006,0.48800001,0.48800001,0.48800001,0.48800001
2012-02,1.08200002,1.08200002,1.08200002,1.08200002,0.48300001,0.48300001,0.48300001,0.48300001
2012-03,0.97500002,0.97500002,0.97500002,0.97500002,0.48899999,0.48899999,0.48899999,0.48899999
2012-04,1.06500006,1.06500006,1.06500006,1.06500006,0.493,0.493,0.493,0.493
2012-05,1.03499997,1.03499997,1.03499997,1.03499997,0.495,0.495,0.495,0.495
2012-06,0.634,0.634,0.634,0.634,0.47799999,0.47799999,0.47799999,0.47799999
2012-07,0.73500001,0.73500001,0.73500001,0.73500001,0.46799999,0.46799999,0.46799999,0.46799999
2012-08,0.45500001,0.45500001,0.45500001,0.45500001,0.433,0.433,0.433,0.433
2012-09,0.321,0.342,0.305,0.335,0.44,0.44,0.44,0.44
2012-10,0.425,0.464,0.404,0.409,0.44499999,0.44499999,0.44499999,0.44499999
2012-11,0.516,0.553,0.482,0.508,0.43700001,0.43700001,0.43700001,0.43700001
2012-12,0.522,0.583,0.512,0.56,0.44499999,0.44499999,0.44499999,0.44499999
2013-01,0.599,0.651,0.599,0.648,0.45899999,0.45899999,0.45899999,0.45899999
2013-02,0.659,0.678,0.596,0.604,0.37599999,0.37599999,0.37599999,0.37599999
2013-03,0.394,0.424,0.389,0.421,0.37200001,0.37200001,0.37200001,0.37200001
2013-04,0.323,0.348,0.312,0.339,0.38,0.38,0.38,0.38
2013-05,0.341,0.38,0.318,0.33,0.37,0.37,0.37,0.37
2013-06,0.563,0.58,0.534,0.543,0.38100001,0.38100001,0.38100001,0.38100001
2013-07,0.723,0.735,0.684,0.693,0.37,0.37,0.37,0.37
2013-08,0.622,0.678,0.616,0.635,0.35600001,0.35600001,0.35600001,0.35600001
2013-09,0.784,0.819,0.784,0.797,0.37599999,0.37599999,0.37599999,0.37599999
2014-01,2.166,2.176,2.164,2.174,0.38299999,0.38299999,0.38299999,0.38299999
2014-02,1.955,1.996,1.928,1.928,0.375,0.375,0.375,0.375
2014-03,1.869,1.911,1.865,1.879,0.37099999,0.37099999,0.37099999,0.37099999
2014-04,1.975,1.997,1.97,1.991,0.35100001,0.35100001,0.35100001,0.35100001
2014-05,1.936,2.0,1.913,1.936,0.361,0.361,0.361,0.361
2014-07,1.977,1.998,1.964,1.984,0.44,0.44,0.44,0.44
2014-08,1.949,1.95,1.928,1.936,0.41100001,0.41100001,0.41100001,0.41100001
2014-09,1.742,1.775,1.738,1.751,0.426,0.426,0.426,0.426
2014-10,1.71,1.711,1.682,1.682,0.46799999,0.46799999,0.46799999,0.46799999
2014-11,1.514,1.589,1.508,1.576,0.44800001,0.44800001,0.44800001,0.44800001
2014-12,1.258,1.329,1.257,1.312,0.456,0.456,0.456,0.456
2015-01,1.17,1.212,1.126,1.134,0.40900001,0.40900001,0.40900001,0.40900001
2015-02,0.891,0.951,0.887,0.928,0.40900001,0.40900001,0.40900001,0.40900001
2015-03,1.228,1.241,1.189,1.23,0.428,0.428,0.428,0.428
2015-04,0.993,1.04,0.959,1.027,0.414,0.414,0.414,0.414
2015-05,1.211,1.271,1.211,1.266,0.454,0.454,0.454,0.454
2015-06,1.175,1.243,1.166,1.231,0.47,0.47,0.47,0.47
2015-07,1.586,1.626,1.54,1.55,0.477,0.477,0.477,0.477
2015-08,1.438,1.469,1.428,1.429,0.47499999,0.47499999,0.47499999,0.47499999
2015-09,1.362,1.393,1.336,1.377,0.479,0.479,0.479,0.479
2015-10,1.195,1.224,1.084,1.126,0.47799999,0.47799999,0.47799999,0.47799999
2015-11,1.274,1.315,1.274,1.303,0.48500001,0.48500001,0.48500001,0.48500001
2015-12,1.171,1.179,1.132,1.152,0.48800001,0.48800001,0.48800001,0.48800001
2016-01,1.292,1.292,1.263,1.266,0.49599999,0.49599999,0.49599999,0.49599999
2016-02,0.906,0.907,0.878,0.883,0.48100001,0.48100001,0.48100001,0.48100001
2016-03,0.728,0.736,0.706,0.736,0.46900001,0.46900001,0.46900001,0.46900001
2016-04,0.811,0.857,0.808,0.83,0.463,0.463,0.463,0.463
2016-05,0.9784,0.9995,0.9782,0.9923,,,,
2016-06,0.8538,0.863,0.811,0.8259,0.47,0.47,0.47,0.47
2016-07,0.3858,0.408,0.368,0.3778,0.333,0.333,0.333,0.333
2016-08,0.3275,0.3924,0.3255,0.3704,0.30199999,0.30199999,0.30199999,0.30199999
2016-09,0.2287,0.262,0.203,0.2496,0.22499999,0.22499999,0.22499999,0.22499999
2016-10,0.2329,0.2329,0.195,0.2117,0.23899999,0.23899999,0.23899999,0.23899999
2016-11,0.5989,0.6007,0.504,0.5094,0.23800001,0.23800001,0.23800001,0.23800001
2016-12,0.6145,0.6145,0.533,0.547,0.199,0.199,0.199,0.199
2017-01,0.4503,0.4503,0.4318,0.4318,,,,
2017-02,0.5929,0.597,0.51,0.5358,0.22400001,0.22400001,0.22400001,0.22400001
2017-03,0.3318,0.349,0.31,0.342,0.211,0.211,0.211,0.211
2017-04,0.5561,0.5725,0.4965,0.503,0.15700001,0.15700001,0.15700001,0.15700001
2017-05,0.4971,0.518,0.491,0.5082,0.168,0.168,0.168,0.168
2017-06,0.5064,0.529,0.476,0.4876,0.177,0.177,0.177,0.177
2017-07,0.6931,0.722,0.666,0.6916,0.213,0.213,0.213,0.213
2017-08,0.5819,0.6172,0.5801,0.6014,0.152,0.152,0.152,0.152
2017-09,0.4502,0.4546,0.4365,0.4523,0.204,0.204,0.204,0.204
2017-10,0.8024,0.8133,0.7523,0.7582,0.23800001,0.23800001,0.23800001,0.23800001
2017-11,0.8111,0.8308,0.6971,0.7039,0.37799999,0.37799999,0.37799999,0.37799999
2017-12,0.7175,0.7846,0.7175,0.7724,0.37400001,0.37400001,0.37400001,0.37400001
2018-01,0.7219,0.789,0.7219,0.7779,0.33899999,0.33899999,0.33899999,0.33899999
2018-02,1.0235,1.0771,1.0235,1.0479,0.31099999,0.31099999,0.31099999,0.31099999
2018-03,0.9804,0.9813,0.9433,0.9788,0.33199999,0.33199999,0.33199999,0.33199999
2018-04,1.1088,1.1088,1.1088,1.1088,,,,
2018-05,1.108,1.1574,1.1074,1.1566,0.50099999,0.50099999,0.50099999,0.50099999
2018-06,0.9867,1.0192,0.9863,1.0075,0.45100001,0.46000001,0.45100001,0.46000001
2018-07,1.0309,1.0323,1.0007,1.0014,0.574,0.574,0.574,0.574
2018-08,1.1119,1.1363,1.0853,1.1077,0.70200002,0.70200002,0.70200002,0.70200002
2018-09,1.0422,1.0552,1.0131,1.0211,0.736,0.736,0.736,0.736
2018-10,1.1723,1.1743,1.1227,1.1313,0.727,0.727,0.727,0.727
2018-11,1.0425,1.0877,1.0425,1.0827,0.727,0.727,0.727,0.727
2018-12,0.933,0.963,0.894,0.8941,0.68900001,0.68900001,0.68900001,0.68900001
2019-01,0.88200003,0.88200003,0.80900002,0.84200001,0.727,0.727,0.727,0.727
2019-02,0.88700002,0.92699999,0.88099998,0.91299999,0.67500001,0.67500001,0.67500001,0.67500001
2019-03,1.00899994,1.02499998,0.97600001,0.98000002,0.61900002,0.61900002,0.61900002,0.61900002
2019-04,0.792,0.792,0.73400003,0.76599997,0.88999999,0.88999999,0.88999999,0.88999999
2019-05,0.88599998,0.92699999,0.87300003,0.91399997,0.75199997,0.75199997,0.74800003,0.74800003
2019-06,0.64099997,0.648,0.60799998,0.61000001,0.727,0.73100001,0.727,0.73100001
2019-07,0.60799998,0.616,0.51899999,0.52999997,0.74800003,0.75599998,0.74800003,0.75599998
2019-08,0.36700001,0.36700001,0.31,0.34400001,0.75700003,0.75700003,0.74800003,0.74800003
2019-09,0.338,0.338,0.26300001,0.278,0.75700003,0.75700003,0.74400002,0.74400002
2019-10,0.252,0.31400001,0.25,0.28099999,0.76800001,0.76800001,0.76800001,0.76800001
2019-11,0.44999999,0.50300002,0.44999999,0.48699999,0.70950001,0.70950001,0.69150001,0.70050001
2019-12,0.5115,0.56650001,0.51099998,0.54250002,0.72100002,0.72600001,0.72100002,0.72600001
2020-01,0.59350002,0.653,0.56349999,0.59899998,0.72000003,0.72000003,0.72000003,0.72000003
2020-02,0.40450001,0.42300001,0.384,0.396,0.71350002,0.71350002,0.71350002,0.71350002
2020-03,0.328,0.345,0.247,0.3,0.641,0.641,0.57,0.57
2020-04,0.175,0.222,0.145,0.192,0.199,0.253,0.199,0.253
2020-05,0.119,0.119,0.084,0.084,0.026,0.026,-0.03,0.008
2020-06,0.041,0.045,0.007,0.035,0.048,0.088,0.048,0.088
2020-07,-0.018,-0.016,-0.051,-0.045,0.037,0.037,0.004,0.004
2020-08,-0.13,-0.11,-0.132,-0.118,0.035,0.035,0.028,0.028
2020-09,-0.02,-0.015,-0.073,-0.063,0.021,0.021,0.021,0.021
2020-10,-0.066,-0.051,-0.082,-0.054,0.029,0.029,0.025,0.025
2020-11,-0.04,-0.029,-0.08,-0.079,0.017,0.022,0.016,0.016
2020-12,0.047,0.047,0.015,0.024,-0.004,-0.004,-0.004,-0.004
2021-01,-0.09,-0.062,-0.115,-0.108,-0.022,-0.022,-0.043,-0.043
2021-02,-0.035,-0.002,-0.035,-0.014,0.02,0.02,0.02,0.02
2021-03,0.354,0.374,0.293,0.302,0.056,0.056,0.052,0.052
2021-04,0.376,0.376,0.376,0.376,0.037,0.037,0.031,0.031
2021-05,0.2797,0.284,0.2675,0.284,0.066,0.066,0.066,0.066
2021-06,0.364,0.368,0.356,0.361,0.064,0.082,0.064,0.072
2021-07,0.345,0.345,0.319,0.32,0.075,0.075,0.075,0.075
2021-08,0.271,0.287,0.224,0.229,0.061,0.074,0.04,0.04
2021-09,0.365,0.371,0.35,0.36,0.05,0.054,0.05,0.05
2021-10,0.64,0.654,0.606,0.629,0.081,0.095,0.076,0.095
2021-11,0.851,0.851,0.794,0.811,0.146,0.146,0.134,0.134
2021-12,0.674,0.674,0.62,0.656,0.104,0.104,0.062,0.062
2022-01,0.817,0.817,0.817,0.817,0.185,0.185,0.185,0.185
2022-02,1.148,1.184,1.101,1.117,0.361,0.382,0.361,0.382
2022-03,0.778,1.028,0.774,1.023,0.612,0.649,0.612,0.649
2022-04,1.439,1.44,1.369,1.391,0.605,0.749,0.605,0.691
2022-05,1.679,1.679,1.679,1.679,0.978,0.978,0.978,0.978
2022-06,1.74,1.74,1.74,1.74,0.91,0.91,0.908,0.908
